Workbook

Sheet MasterData
A1: รหัสสินค้า (Product_ID) | B1: ชื่อสินค้า (Product_Name) | C1: หมวดหมู่ (Category) | D1: ราคาต่อหน่วย (Price) | F1: รหัสสมาชิก (Member_ID) | G1: ชื่อ-นามสกุล (Member_Name) | H1: ประเภทสมาชิก (Tier)
A2: P001 | B2: Mouse Wireless | C2: Accessories | D2: 450 | F2: M001 | G2: สมชาย ใจดี | H2: VIP
A3: P002 | B3: Mechanical Keyboard | C3: Accessories | D3: 1290 | F3: M002 | G3: สมหญิง รักเรียน | H3: Regular
A4: P003 | B4: Monitor 24" | C4: Hardware | D4: 3500 | F4: M003 | G4: มานะ พากเพียร | H4: VIP
A5: P004 | B5: SSD 1TB | C5: Hardware | D5: 2890 | F5: M004 | G5: ปิติ รักสงบ | H5: Regular
A6: P005 | B6: USB Hub Type-C | C6: Accessories | D6: 690

Sheet SalesTransaction
A1: ลำดับ (No.) | B1: วันที่ (Date) | C1: รหัสสมาชิก (Member_ID) | D1: ชื่อลูกค้า (Customer_Name) | E1: รหัสสินค้า (Product_ID) | F1: ชื่อสินค้า (Product_Name) | G1: ราคาต่อหน่วย (Unit_Price) | H1: จำนวน (Quantity) | I1: รวมเป็นเงิน (Total) | J1: ส่วนลด (Discount) | K1: ยอดสุทธิ (Net_Total) | L1: ประเภทสมาชิก (Tier) | M1: หมวดหมู่ (Category)
A2: 1 | B2: 46216 | C2: M002 | D2: =VLOOKUP(C2, MasterData!$F$2:$H$5, 2, FALSE) -> 0 | E2: P001 | F2: =VLOOKUP(E2, MasterData!$A$2:$D$6, 2, FALSE) -> 0 | G2: =VLOOKUP(E2, MasterData!$A$2:$D$6, 4, FALSE) -> 0 | H2: 5 | I2: =G2*H2 -> 0 | J2: =IF(L2="VIP", I2*10%, IF(L2="Regular", I2*5%, 0)) -> 0 | K2: =I2-J2 -> 0 | L2: =VLOOKUP(C2, MasterData!$F$2:$H$5, 3, FALSE) -> 0 | M2: =VLOOKUP(E2, MasterData!$A$2:$D$6, 3, FALSE) -> 0
A3: 2 | B3: 46215 | C3: M003 | D3: =VLOOKUP(C3, MasterData!$F$2:$H$5, 2, FALSE) -> 0 | E3: P002 | F3: =VLOOKUP(E3, MasterData!$A$2:$D$6, 2, FALSE) -> 0 | G3: =VLOOKUP(E3, MasterData!$A$2:$D$6, 4, FALSE) -> 0 | H3: 5 | I3: =G3*H3 -> 0 | J3: =IF(L3="VIP", I3*10%, IF(L3="Regular", I3*5%, 0)) -> 0 | K3: =I3-J3 -> 0 | L3: =VLOOKUP(C3, MasterData!$F$2:$H$5, 3, FALSE) -> 0 | M3: =VLOOKUP(E3, MasterData!$A$2:$D$6, 3, FALSE) -> 0
A4: 3 | B4: 46219 | C4: M001 | D4: =VLOOKUP(C4, MasterData!$F$2:$H$5, 2, FALSE) -> 0 | E4: P002 | F4: =VLOOKUP(E4, MasterData!$A$2:$D$6, 2, FALSE) -> 0 | G4: =VLOOKUP(E4, MasterData!$A$2:$D$6, 4, FALSE) -> 0 | H4: 3 | I4: =G4*H4 -> 0 | J4: =IF(L4="VIP", I4*10%, IF(L4="Regular", I4*5%, 0)) -> 0 | K4: =I4-J4 -> 0 | L4: =VLOOKUP(C4, MasterData!$F$2:$H$5, 3, FALSE) -> 0 | M4: =VLOOKUP(E4, MasterData!$A$2:$D$6, 3, FALSE) -> 0
A5: 4 | B5: 46206 | C5: M003 | D5: =VLOOKUP(C5, MasterData!$F$2:$H$5, 2, FALSE) -> 0 | E5: P005 | F5: =VLOOKUP(E5, MasterData!$A$2:$D$6, 2, FALSE) -> 0 | G5: =VLOOKUP(E5, MasterData!$A$2:$D$6, 4, FALSE) -> 0 | H5: 5 | I5: =G5*H5 -> 0 | J5: =IF(L5="VIP", I5*10%, IF(L5="Regular", I5*5%, 0)) -> 0 | K5: =I5-J5 -> 0 | L5: =VLOOKUP(C5, MasterData!$F$2:$H$5, 3, FALSE) -> 0 | M5: =VLOOKUP(E5, MasterData!$A$2:$D$6, 3, FALSE) -> 0
A6: 5 | B6: 46207 | C6: M001 | D6: =VLOOKUP(C6, MasterData!$F$2:$H$5, 2, FALSE) -> 0 | E6: P003 | F6: =VLOOKUP(E6, MasterData!$A$2:$D$6, 2, FALSE) -> 0 | G6: =VLOOKUP(E6, MasterData!$A$2:$D$6, 4, FALSE) -> 0 | H6: 4 | I6: =G6*H6 -> 0 | J6: =IF(L6="VIP", I6*10%, IF(L6="Regular", I6*5%, 0)) -> 0 | K6: =I6-J6 -> 0 | L6: =VLOOKUP(C6, MasterData!$F$2:$H$5, 3, FALSE) -> 0 | M6: =VLOOKUP(E6, MasterData!$A$2:$D$6, 3, FALSE) -> 0
A7: 6 | B7: 46217 | C7: M001 | D7: =VLOOKUP(C7, MasterData!$F$2:$H$5, 2, FALSE) -> 0 | E7: P005 | F7: =VLOOKUP(E7, MasterData!$A$2:$D$6, 2, FALSE) -> 0 | G7: =VLOOKUP(E7, MasterData!$A$2:$D$6, 4, FALSE) -> 0 | H7: 2 | I7: =G7*H7 -> 0 | J7: =IF(L7="VIP", I7*10%, IF(L7="Regular", I7*5%, 0)) -> 0 | K7: =I7-J7 -> 0 | L7: =VLOOKUP(C7, MasterData!$F$2:$H$5, 3, FALSE) -> 0 | M7: =VLOOKUP(E7, MasterData!$A$2:$D$6, 3, FALSE) -> 0
A8: 7 | B8: 46210 | C8: M003 | D8: =VLOOKUP(C8, MasterData!$F$2:$H$5, 2, FALSE) -> 0 | E8: P003 | F8: =VLOOKUP(E8, MasterData!$A$2:$D$6, 2, FALSE) -> 0 | G8: =VLOOKUP(E8, MasterData!$A$2:$D$6, 4, FALSE) -> 0 | H8: 2 | I8: =G8*H8 -> 0 | J8: =IF(L8="VIP", I8*10%, IF(L8="Regular", I8*5%, 0)) -> 0 | K8: =I8-J8 -> 0 | L8: =VLOOKUP(C8, MasterData!$F$2:$H$5, 3, FALSE) -> 0 | M8: =VLOOKUP(E8, MasterData!$A$2:$D$6, 3, FALSE) -> 0
A9: 8 | B9: 46209 | C9: M004 | D9: =VLOOKUP(C9, MasterData!$F$2:$H$5, 2, FALSE) -> 0 | E9: P003 | F9: =VLOOKUP(E9, MasterData!$A$2:$D$6, 2, FALSE) -> 0 | G9: =VLOOKUP(E9, MasterData!$A$2:$D$6, 4, FALSE) -> 0 | H9: 2 | I9: =G9*H9 -> 0 | J9: =IF(L9="VIP", I9*10%, IF(L9="Regular", I9*5%, 0)) -> 0 | K9: =I9-J9 -> 0 | L9: =VLOOKUP(C9, MasterData!$F$2:$H$5, 3, FALSE) -> 0 | M9: =VLOOKUP(E9, MasterData!$A$2:$D$6, 3, FALSE) -> 0
A10: 9 | B10: 46212 | C10: M001 | D10: =VLOOKUP(C10, MasterData!$F$2:$H$5, 2, FALSE) -> 0 | E10: P001 | F10: =VLOOKUP(E10, MasterData!$A$2:$D$6, 2, FALSE) -> 0 | G10: =VLOOKUP(E10, MasterData!$A$2:$D$6, 4, FALSE) -> 0 | H10: 5 | I10: =G10*H10 -> 0 | J10: =IF(L10="VIP", I10*10%, IF(L10="Regular", I10*5%, 0)) -> 0 | K10: =I10-J10 -> 0 | L10: =VLOOKUP(C10, MasterData!$F$2:$H$5, 3, FALSE) -> 0 | M10: =VLOOKUP(E10, MasterData!$A$2:$D$6, 3, FALSE) -> 0
A11: 10 | B11: 46215 | C11: M003 | D11: =VLOOKUP(C11, MasterData!$F$2:$H$5, 2, FALSE) -> 0 | E11: P003 | F11: =VLOOKUP(E11, MasterData!$A$2:$D$6, 2, FALSE) -> 0 | G11: =VLOOKUP(E11, MasterData!$A$2:$D$6, 4, FALSE) -> 0 | H11: 2 | I11: =G11*H11 -> 0 | J11: =IF(L11="VIP", I11*10%, IF(L11="Regular", I11*5%, 0)) -> 0 | K11: =I11-J11 -> 0 | L11: =VLOOKUP(C11, MasterData!$F$2:$H$5, 3, FALSE) -> 0 | M11: =VLOOKUP(E11, MasterData!$A$2:$D$6, 3, FALSE) -> 0
A12: 11 | B12: 46213 | C12: M001 | D12: =VLOOKUP(C12, MasterData!$F$2:$H$5, 2, FALSE) -> 0 | E12: P005 | F12: =VLOOKUP(E12, MasterData!$A$2:$D$6, 2, FALSE) -> 0 | G12: =VLOOKUP(E12, MasterData!$A$2:$D$6, 4, FALSE) -> 0 | H12: 3 | I12: =G12*H12 -> 0 | J12: =IF(L12="VIP", I12*10%, IF(L12="Regular", I12*5%, 0)) -> 0 | K12: =I12-J12 -> 0 | L12: =VLOOKUP(C12, MasterData!$F$2:$H$5, 3, FALSE) -> 0 | M12: =VLOOKUP(E12, MasterData!$A$2:$D$6, 3, FALSE) -> 0
A13: 12 | B13: 46206 | C13: M002 | D13: =VLOOKUP(C13, MasterData!$F$2:$H$5, 2, FALSE) -> 0 | E13: P001 | F13: =VLOOKUP(E13, MasterData!$A$2:$D$6, 2, FALSE) -> 0 | G13: =VLOOKUP(E13, MasterData!$A$2:$D$6, 4, FALSE) -> 0 | H13: 4 | I13: =G13*H13 -> 0 | J13: =IF(L13="VIP", I13*10%, IF(L13="Regular", I13*5%, 0)) -> 0 | K13: =I13-J13 -> 0 | L13: =VLOOKUP(C13, MasterData!$F$2:$H$5, 3, FALSE) -> 0 | M13: =VLOOKUP(E13, MasterData!$A$2:$D$6, 3, FALSE) -> 0
... A16: 15 | B16: 46215 | C16: M004 | D16: =VLOOKUP(C16, MasterData!$F$2:$H$5, 2, FALSE) -> 0 | E16: P002 | F16: =VLOOKUP(E16, MasterData!$A$2:$D$6, 2, FALSE) -> 0 | G16: =VLOOKUP(E16, MasterData!$A$2:$D$6, 4, FALSE) -> 0 | H16: 3 | I16: =G16*H16 -> 0 | J16: =IF(L16="VIP", I16*10%, IF(L16="Regular", I16*5%, 0)) -> 0 | K16: =I16-J16 -> 0 | L16: =VLOOKUP(C16, MasterData!$F$2:$H$5, 3, FALSE) -> 0 | M16: =VLOOKUP(E16, MasterData!$A$2:$D$6, 3, FALSE) -> 0

Sheet Dashboard
A1: สรุปข้อมูลระดับบริหาร
A3: ยอดสุทธิรวมตามหมวดหมู่ | B3: ยอดสุทธิ (Net_Total)
A4: Accessories | B4: =SUMIF(SalesTransaction!$M$2:$M$16, A4, SalesTransaction!$K$2:$K$16) -> 0
A5: Hardware | B5: =SUMIF(SalesTransaction!$M$2:$M$16, A5, SalesTransaction!$K$2:$K$16) -> 0
A7: จำนวนการใช้บริการแยกระดับสมาชิก | B7: จำนวนครั้ง
A8: VIP | B8: =COUNTIF(SalesTransaction!$L$2:$L$16, A8) -> 0
A9: Regular | B9: =COUNTIF(SalesTransaction!$L$2:$L$16, A9) -> 0
A11: หมายเหตุ: การสร้าง PivotTable และ PivotChart สามารถทำได้โดยคลุมข้อมูลใน Sheet SalesTransaction แล้วเลือก Insert -> PivotTable
